Workbook

Sheet Telco_Cusomer_Churn
A1: customerID | B1: gender | C1: SeniorCitizen | D1: Partner | E1: Dependents | F1: tenure | G1: PhoneService | H1: MultipleLines | I1: InternetService | J1: OnlineSecurity | K1: OnlineBackup | L1: DeviceProtection | M1: TechSupport | N1: StreamingTV | O1: StreamingMovies | P1: Contract | Q1: PaperlessBilling | R1: PaymentMethod | S1: MonthlyCharges | T1: TotalCharges | U1: Churn | V1: Churn_Flags | W1: Tenure_Group
A2: 7590-VHVEG | B2: Female | C2: 0 | D2: Yes | E2: No | F2: 1 | G2: No | H2: No phone service | I2: DSL | J2: No | K2: Yes | L2: No | M2: No | N2: No | O2: No | P2: Month-to-month | Q2: Yes | R2: Electronic check | S2: 29.85 | T2: 29.85 | U2: No | V2: =IF(Table1[[#This Row],[Churn]]="Yes",1,0) -> 0 | W2: =IF(F2<=12,"New (0-12 Months)",IF(F2<=24,"Developing (13-24 Months)",IF(F2<=48,"Established (25-48 Months)","Loyal (49-72 Months)"))) -> New (0-12 Months) | X2: =SUM(Table1[Churn_Flags]) -> 1869
A3: 5575-GNVDE | B3: Male | C3: 0 | D3: No | E3: No | F3: 34 | G3: Yes | H3: No | I3: DSL | J3: Yes | K3: No | L3: Yes | M3: No | N3: No | O3: No | P3: One year | Q3: No | R3: Mailed check | S3: 56.95 | T3: 1889.5 | U3: No | V3: =IF(Table1[[#This Row],[Churn]]="Yes",1,0) -> 0 | W3: =IF(F3<=12,"New (0-12 Months)",IF(F3<=24,"Developing (13-24 Months)",IF(F3<=48,"Established (25-48 Months)","Loyal (49-72 Months)"))) -> Established (25-48 Months)
A4: 3668-QPYBK | B4: Male | C4: 0 | D4: No | E4: No | F4: 2 | G4: Yes | H4: No | I4: DSL | J4: Yes | K4: Yes | L4: No | M4: No | N4: No | O4: No | P4: Month-to-month | Q4: Yes | R4: Mailed check | S4: 53.85 | T4: 108.15 | U4: Yes | V4: =IF(Table1[[#This Row],[Churn]]="Yes",1,0) -> 1 | W4: =IF(F4<=12,"New (0-12 Months)",IF(F4<=24,"Developing (13-24 Months)",IF(F4<=48,"Established (25-48 Months)","Loyal (49-72 Months)"))) -> New (0-12 Months)
A5: 7795-CFOCW | B5: Male | C5: 0 | D5: No | E5: No | F5: 45 | G5: No | H5: No phone service | I5: DSL | J5: Yes | K5: No | L5: Yes | M5: Yes | N5: No | O5: No | P5: One year | Q5: No | R5: Bank transfer (automatic) | S5: 42.3 | T5: 1840.75 | U5: No | V5: =IF(Table1[[#This Row],[Churn]]="Yes",1,0) -> 0 | W5: =IF(F5<=12,"New (0-12 Months)",IF(F5<=24,"Developing (13-24 Months)",IF(F5<=48,"Established (25-48 Months)","Loyal (49-72 Months)"))) -> Established (25-48 Months)
A6: 9237-HQITU | B6: Female | C6: 0 | D6: No | E6: No | F6: 2 | G6: Yes | H6: No | I6: Fiber optic | J6: No | K6: No | L6: No | M6: No | N6: No | O6: No | P6: Month-to-month | Q6: Yes | R6: Electronic check | S6: 70.7 | T6: 151.65 | U6: Yes | V6: =IF(Table1[[#This Row],[Churn]]="Yes",1,0) -> 1 | W6: =IF(F6<=12,"New (0-12 Months)",IF(F6<=24,"Developing (13-24 Months)",IF(F6<=48,"Established (25-48 Months)","Loyal (49-72 Months)"))) -> New (0-12 Months)
A7: 9305-CDSKC | B7: Female | C7: 0 | D7: No | E7: No | F7: 8 | G7: Yes | H7: Yes | I7: Fiber optic | J7: No | K7: No | L7: Yes | M7: No | N7: Yes | O7: Yes | P7: Month-to-month | Q7: Yes | R7: Electronic check | S7: 99.65 | T7: 820.5 | U7: Yes | V7: =IF(Table1[[#This Row],[Churn]]="Yes",1,0) -> 1 | W7: =IF(F7<=12,"New (0-12 Months)",IF(F7<=24,"Developing (13-24 Months)",IF(F7<=48,"Established (25-48 Months)","Loyal (49-72 Months)"))) -> New (0-12 Months)
A8: 1452-KIOVK | B8: Male | C8: 0 | D8: No | E8: Yes | F8: 22 | G8: Yes | H8: Yes | I8: Fiber optic | J8: No | K8: Yes | L8: No | M8: No | N8: Yes | O8: No | P8: Month-to-month | Q8: Yes | R8: Credit card (automatic) | S8: 89.1 | T8: 1949.4 | U8: No | V8: =IF(Table1[[#This Row],[Churn]]="Yes",1,0) -> 0 | W8: =IF(F8<=12,"New (0-12 Months)",IF(F8<=24,"Developing (13-24 Months)",IF(F8<=48,"Established (25-48 Months)","Loyal (49-72 Months)"))) -> Developing (13-24 Months)
A9: 6713-OKOMC | B9: Female | C9: 0 | D9: No | E9: No | F9: 10 | G9: No | H9: No phone service | I9: DSL | J9: Yes | K9: No | L9: No | M9: No | N9: No | O9: No | P9: Month-to-month | Q9: No | R9: Mailed check | S9: 29.75 | T9: 301.9 | U9: No | V9: =IF(Table1[[#This Row],[Churn]]="Yes",1,0) -> 0 | W9: =IF(F9<=12,"New (0-12 Months)",IF(F9<=24,"Developing (13-24 Months)",IF(F9<=48,"Established (25-48 Months)","Loyal (49-72 Months)"))) -> New (0-12 Months)
A10: 7892-POOKP | B10: Female | C10: 0 | D10: Yes | E10: No | F10: 28 | G10: Yes | H10: Yes | I10: Fiber optic | J10: No | K10: No | L10: Yes | M10: Yes | N10: Yes | O10: Yes | P10: Month-to-month | Q10: Yes | R10: Electronic check | S10: 104.8 | T10: 3046.05 | U10: Yes | V10: =IF(Table1[[#This Row],[Churn]]="Yes",1,0) -> 1 | W10: =IF(F10<=12,"New (0-12 Months)",IF(F10<=24,"Developing (13-24 Months)",IF(F10<=48,"Established (25-48 Months)","Loyal (49-72 Months)"))) -> Established (25-48 Months)
A11: 6388-TABGU | B11: Male | C11: 0 | D11: No | E11: Yes | F11: 62 | G11: Yes | H11: No | I11: DSL | J11: Yes | K11: Yes | L11: No | M11: No | N11: No | O11: No | P11: One year | Q11: No | R11: Bank transfer (automatic) | S11: 56.15 | T11: 3487.95 | U11: No | V11: =IF(Table1[[#This Row],[Churn]]="Yes",1,0) -> 0 | W11: =IF(F11<=12,"New (0-12 Months)",IF(F11<=24,"Developing (13-24 Months)",IF(F11<=48,"Established (25-48 Months)","Loyal (49-72 Months)"))) -> Loyal (49-72 Months)
A12: 9763-GRSKD | B12: Male | C12: 0 | D12: Yes | E12: Yes | F12: 13 | G12: Yes | H12: No | I12: DSL | J12: Yes | K12: No | L12: No | M12: No | N12: No | O12: No | P12: Month-to-month | Q12: Yes | R12: Mailed check | S12: 49.95 | T12: 587.45 | U12: No | V12: =IF(Table1[[#This Row],[Churn]]="Yes",1,0) -> 0 | W12: =IF(F12<=12,"New (0-12 Months)",IF(F12<=24,"Developing (13-24 Months)",IF(F12<=48,"Established (25-48 Months)","Loyal (49-72 Months)"))) -> Developing (13-24 Months)
A13: 7469-LKBCI | B13: Male | C13: 0 | D13: No | E13: No | F13: 16 | G13: Yes | H13: No | I13: No | J13: No internet service | K13: No internet service | L13: No internet service | M13: No internet service | N13: No internet service | O13: No internet service | P13: Two year | Q13: No | R13: Credit card (automatic) | S13: 18.95 | T13: 326.8 | U13: No | V13: =IF(Table1[[#This Row],[Churn]]="Yes",1,0) -> 0 | W13: =IF(F13<=12,"New (0-12 Months)",IF(F13<=24,"Developing (13-24 Months)",IF(F13<=48,"Established (25-48 Months)","Loyal (49-72 Months)"))) -> Developing (13-24 Months)
A14: 8091-TTVAX | B14: Male | C14: 0 | D14: Yes | E14: No | F14: 58 | G14: Yes | H14: Yes | I14: Fiber optic | J14: No | K14: No | L14: Yes | M14: No | N14: Yes | O14: Yes | P14: One year | Q14: No | R14: Credit card (automatic) | S14: 100.35 | T14: 5681.1 | U14: No | V14: =IF(Table1[[#This Row],[Churn]]="Yes",1,0) -> 0 | W14: =IF(F14<=12,"New (0-12 Months)",IF(F14<=24,"Developing (13-24 Months)",IF(F14<=48,"Established (25-48 Months)","Loyal (49-72 Months)"))) -> Loyal (49-72 Months)
... A7044: 3186-AJIEK | B7044: Male | C7044: 0 | D7044: No | E7044: No | F7044: 66 | G7044: Yes | H7044: No | I7044: Fiber optic | J7044: Yes | K7044: No | L7044: Yes | M7044: Yes | N7044: Yes | O7044: Yes | P7044: Two year | Q7044: Yes | R7044: Bank transfer (automatic) | S7044: 105.65 | T7044: 6844.5 | U7044: No | V7044: =IF(Table1[[#This Row],[Churn]]="Yes",1,0) -> 0 | W7044: =IF(F7044<=12,"New (0-12 Months)",IF(F7044<=24,"Developing (13-24 Months)",IF(F7044<=48,"Established (25-48 Months)","Loyal (49-72 Months)"))) -> Loyal (49-72 Months)

Sheet Analysis
A2: Gender | B2: Total_Customers | C2: Sum of Chum_Flags
A3: Female | B3: 3488 | C3: 939
A4: Male | B4: 3555 | C4: 930
A5: Grand Total | B5: 7043 | C5: 1869
A7: Churn rate is consistent across genders (26.92% F vs 26.16% M), suggesting gender is not a factor in customer attrition."
A15: Senior Citizen | B15: Sum of Chum_Flags | C15: Count of Chum_Flags2 | F15: Chum_Rate
A16: 0 | B16: 1393 | C16: 5901 | F16: =GETPIVOTDATA("Sum of Chum_Flags",$A$15,"SeniorCitizen",0)/GETPIVOTDATA("Count of Chum_Flags2",$A$15,"SeniorCitizen",0) -> 0.23606168
A17: 1 | B17: 476 | C17: 1142 | F17: =GETPIVOTDATA("Sum of Chum_Flags",$A$15,"SeniorCitizen",1)/GETPIVOTDATA("Count of Chum_Flags2",$A$15,"SeniorCitizen",1) -> 0.41681261
A18: Grand Total | B18: 1869 | C18: 7043
A20: "Senior citizens churn at 41.7% — nearly double the rate of non-seniors (23.6%). This represents a high-risk segment requiring targeted retention strategies."
A30: Contract | B30: Sum of Chum_Flags | C30: Count of Chum_Flags2
A31: Month-to-month | B31: 1655 | C31: 3875
A32: One year | B32: 166 | C32: 1473
A33: Two year | B33: 48 | C33: 1695
A34: Grand Total | B34: 1869 | C34: 7043
A36: Month-to-month customers churn at 42.71% compared to just 2.83% for two-year contract holders. Converting short-term customers to longer contracts is the single biggest retention opportunity."
A44: InternetService | B44: Sum of Chum_Flags | C44: Count of Chum_Flags2 | F44: Chum_Rate
A45: DSL | B45: 459 | C45: 2421 | F45: =GETPIVOTDATA("Sum of Chum_Flags",$A$44,"InternetService","DSL")/GETPIVOTDATA("Count of Chum_Flags2",$A$44,"InternetService","DSL") -> 0.18959108
A46: Fiber optic | B46: 1297 | C46: 3096 | F46: =GETPIVOTDATA("Sum of Chum_Flags",$A$44,"InternetService","Fiber optic")/GETPIVOTDATA("Count of Chum_Flags2",$A$44,"InternetService","Fiber optic") -> 0.41892765
A47: No | B47: 113 | C47: 1526 | F47: =GETPIVOTDATA("Sum of Chum_Flags",$A$44,"InternetService","No")/GETPIVOTDATA("Count of Chum_Flags2",$A$44,"InternetService","No") -> 0.074049803
A48: Grand Total | B48: 1869 | C48: 7043
A50: Fiber Optic customers churn at 41.89% — more than double DSL customers (18.96%). Despite being the premium service, it has the highest dissatisfaction rate, suggesting a serious value-for-money problem."
A62: PaymentMethod | B62: Sum of Chum_Flags | C62: Count of Chum_Flags2 | F62: Chum_Rate
A63: Bank transfer (automatic) | B63: 258 | C63: 1544 | F63: =GETPIVOTDATA("Sum of Chum_Flags",$A$62,"PaymentMethod","Bank transfer (automatic)")/GETPIVOTDATA("Count of Chum_Flags2",$A$62,"PaymentMethod","Bank transfer (automatic)") -> 0.16709845
A64: Credit card (automatic) | B64: 232 | C64: 1522 | F64: =GETPIVOTDATA("Sum of Chum_Flags",$A$62,"PaymentMethod","Credit card (automatic)")/GETPIVOTDATA("Count of Chum_Flags2",$A$62,"PaymentMethod","Credit card (automatic)") -> 0.15243101
A65: Electronic check | B65: 1071 | C65: 2365 | F65: =GETPIVOTDATA("Sum of Chum_Flags",$A$62,"PaymentMethod","Electronic check")/GETPIVOTDATA("Count of Chum_Flags2",$A$62,"PaymentMethod","Electronic check") -> 0.45285412
A66: Mailed check | B66: 308 | C66: 1612 | F66: =GETPIVOTDATA("Sum of Chum_Flags",$A$62,"PaymentMethod","Mailed check")/GETPIVOTDATA("Count of Chum_Flags2",$A$62,"PaymentMethod","Mailed check") -> 0.191067
A67: Grand Total | B67: 1869 | C67: 7043
A69: "Electronic check customers churn at 45.29% — nearly 3x higher than automatic payment customers (~16%). Enrolling customers in automatic payments is a simple but powerful retention tool."
A84: Tenure_Group | B84: Sum of Chum_Flags | C84: Count of Chum_Flags2 | F84: Chum_Rate
A85: New (0-12 Months) | B85: 1037 | C85: 2186 | F85: =GETPIVOTDATA("Sum of Chum_Flags",$A$84,"Tenure_Group","New (0-12 Months)")/GETPIVOTDATA("Count of Chum_Flags2",$A$84,"Tenure_Group","New (0-12 Months)") -> 0.47438243
A86: Developing (13-24 Months) | B86: 294 | C86: 1024 | F86: =GETPIVOTDATA("Sum of Chum_Flags",$A$84,"Tenure_Group","Developing (13-24 Months)")/GETPIVOTDATA("Count of Chum_Flags2",$A$84,"Tenure_Group","Developing (13-24 Months)") -> 0.28710938
A87: Established (25-48 Months) | B87: 325 | C87: 1594 | F87: =GETPIVOTDATA("Sum of Chum_Flags",$A$84,"Tenure_Group","Established (25-48 Months)")/GETPIVOTDATA("Count of Chum_Flags2",$A$84,"Tenure_Group","Established (25-48 Months)") -> 0.20388959
A88: Loyal (49-72 Months) | B88: 213 | C88: 2239 | F88: =GETPIVOTDATA("Sum of Chum_Flags",$A$84,"Tenure_Group","Loyal (49-72 Months)")/GETPIVOTDATA("Count of Chum_Flags2",$A$84,"Tenure_Group","Loyal (49-72 Months)") -> 0.095131755
A89: Grand Total | B89: 1869 | C89: 7043
A91: Nearly half of new customers (47.44%) churn within their first year. Retention efforts should be heavily focused on the first 12 months of the customer relationship."

Sheet Summary
A1: Segment | B1: Category | C1: Sum | D1: Count | E1: Rate | J1: Customers | K1: Percentage
A2: Contract | B2: =Analysis!A31 -> Month-to-month | C2: =Analysis!B31 -> 1655 | D2: =Analysis!C31 -> 3875 | E2: =C2/D2 -> 0.42709677 | I2: Churned | J2: =SUM(C2:C4) -> 1869 | K2: =J2/$J$4 -> 0.26536987
A3: Contract | B3: =Analysis!A32 -> One year | C3: =Analysis!B32 -> 166 | D3: =Analysis!C32 -> 1473 | E3: =C3/D3 -> 0.11269518 | I3: Retained | J3: =SUM(D2:D4)-SUM(C2:C4) -> 5174 | K3: =J3/$J$4 -> 0.73463013
A4: Contract | B4: =Analysis!A33 -> Two year | C4: =Analysis!B33 -> 48 | D4: =Analysis!C33 -> 1695 | E4: =C4/D4 -> 0.028318584 | I4: Total | J4: =J2+J3 -> 7043 | K4: =J4/$J$4 -> 1
A5: Internet Service | B5: =Analysis!A45 -> DSL | C5: =Analysis!B45 -> 459 | D5: =Analysis!C45 -> 2421 | E5: =C5/D5 -> 0.18959108
A6: Internet Service | B6: =Analysis!A46 -> Fiber optic | C6: =Analysis!B46 -> 1297 | D6: =Analysis!C46 -> 3096 | E6: =C6/D6 -> 0.41892765
A7: Internet Service | B7: =Analysis!A47 -> No | C7: =Analysis!B47 -> 113 | D7: =Analysis!C47 -> 1526 | E7: =C7/D7 -> 0.074049803
A8: Payment Method | B8: =Analysis!A63 -> Bank transfer (automatic) | C8: =Analysis!B63 -> 258 | D8: =Analysis!C63 -> 1544 | E8: =C8/D8 -> 0.16709845
A9: Payment Method | B9: =Analysis!A64 -> Credit card (automatic) | C9: =Analysis!B64 -> 232 | D9: =Analysis!C64 -> 1522 | E9: =C9/D9 -> 0.15243101
A10: Payment Method | B10: =Analysis!A65 -> Electronic check | C10: =Analysis!B65 -> 1071 | D10: =Analysis!C65 -> 2365 | E10: =C10/D10 -> 0.45285412
A11: Payment Method | B11: =Analysis!A66 -> Mailed check | C11: =Analysis!B66 -> 308 | D11: =Analysis!C66 -> 1612 | E11: =C11/D11 -> 0.191067
A12: Senior | B12: Non_Senior | C12: =Analysis!B17 -> 476 | D12: =Analysis!C17 -> 1142 | E12: =C12/D12 -> 0.41681261
A13: Senior | B13: Senior | C13: =Analysis!B16 -> 1393 | D13: =Analysis!C16 -> 5901 | E13: =C13/D13 -> 0.23606168
A14: Tenure Group | B14: =Analysis!A85 -> New (0-12 Months) | C14: =Analysis!B85 -> 1037 | D14: =Analysis!C85 -> 2186 | E14: =C14/D14 -> 0.47438243
A15: Tenure Group | B15: =Analysis!A86 -> Developing (13-24 Months) | C15: =Analysis!B86 -> 294 | D15: =Analysis!C86 -> 1024 | E15: =C15/D15 -> 0.28710938
A16: Tenure Group | B16: =Analysis!A87 -> Established (25-48 Months) | C16: =Analysis!B87 -> 325 | D16: =Analysis!C87 -> 1594 | E16: =C16/D16 -> 0.20388959
A17: Tenure Group | B17: =Analysis!A88 -> Loyal (49-72 Months) | C17: =Analysis!B88 -> 213 | D17: =Analysis!C88 -> 2239 | E17: =C17/D17 -> 0.095131755

Sheet Charts
